{"name":"@material-ui/styles@^4.11.2","import":"lib","externalDependencies":{"@material-ui/utils@4.11.2":["default"],"react@17.0.1":["default"],"prop-types@15.7.2":["default"],"jss@10.6.0":["default"],"hoist-non-react-statics@3.3.2":["default"],"clsx@1.1.1":["default"],"jss-plugin-rule-value-function@10.6.0":["default"],"jss-plugin-global@10.6.0":["default"],"jss-plugin-nested@10.6.0":["default"],"jss-plugin-camel-case@10.6.0":["default"],"jss-plugin-default-unit@10.6.0":["default"],"jss-plugin-vendor-prefixer@10.6.0":["default"],"jss-plugin-props-sort@10.6.0":["default"],"react-is@16.13.1":["default"],"object-assign@4.1.1":["default"],"is-in-browser@1.1.3":["default"],"tiny-warning@1.0.3":["default"],"hyphenate-style-name@1.0.4":["default"],"css-vendor@2.0.8":["default"]}}