{"name":"@material-ui/icons@4.9.1","import":"chunks","externalDependencies":{"react@16.13.1":["default"],"@material-ui/core@4.11.0":["SvgIcon","SvgIcon"],"object-assign@4.1.1":["default"],"@material-ui/styles@4.11.2":["default"],"prop-types@15.7.2":["default"],"@material-ui/utils@4.11.2":["default"],"hoist-non-react-statics@3.3.2":["default"],"clsx@1.1.1":["default"],"react-transition-group@4.4.1":["default"],"react-dom@16.13.1":["default"],"react-is@16.13.1":["default"],"popper.js@1.16.1-lts":["default"],"@material-ui/system@4.11.2":["default"],"jss@10.5.0":["default"],"jss-plugin-rule-value-function@10.5.0":["default"],"jss-plugin-global@10.5.0":["default"],"jss-plugin-nested@10.5.0":["default"],"jss-plugin-camel-case@10.5.0":["default"],"jss-plugin-default-unit@10.5.0":["default"],"jss-plugin-vendor-prefixer@10.5.0":["default"],"jss-plugin-props-sort@10.5.0":["default"],"is-in-browser@1.1.3":["default"],"tiny-warning@1.0.3":["default"],"hyphenate-style-name@1.0.4":["default"],"css-vendor@2.0.8":["default"],"scheduler@0.19.1":["default"]}}