{"name":"react-html-parser@2.0.2","import":"lib","externalDependencies":{"htmlparser2@3.10.1":["default"],"react@16.13.1":["default"],"domutils@1.7.0":["default"],"domelementtype@2.1.0":["default"],"domhandler@2.4.2":["default"],"inherits@2.0.4":["default"],"readable-stream@2.3.7":["default"],"dom-serializer@0.2.2":["default"],"entities@2.1.0":["default"],"safe-buffer@5.2.1":["default"],"util-deprecate@1.0.2":["default"],"core-util-is@1.0.2":["default"],"process-nextick-args@2.0.1":["default"],"isarray@1.0.0":["default"],"object-assign@4.1.1":["default"]}}