{"name":"react-router-dom@5.2.0","import":"lib","externalDependencies":{"react-router@5.2.0":["default"],"react@16.13.1":["default"],"history@4.10.1":["default"],"prop-types@15.7.2":["default"],"tiny-warning@1.0.3":["default"],"tiny-invariant@1.1.0":["default"],"mini-create-react-context@0.4.1":["default"],"path-to-regexp@3.2.0":["default"],"react-is@16.13.1":["default"],"hoist-non-react-statics@3.3.2":["default"],"object-assign@4.1.1":["default"],"resolve-pathname@3.0.0":["default"],"value-equal@1.0.1":["default"]}}