{
    "bundledDependencies": {
        "@mui/base/ClickAwayListener": [
            "default"
        ],
        "react/jsx-runtime": [
            "default"
        ],
        "@mui/base/BackdropUnstyled": [
            "default"
        ],
        "@mui/base/BadgeUnstyled": [
            "default"
        ],
        "@mui/base/composeClasses": [
            "default"
        ],
        "@mui/base/ModalUnstyled": [
            "default"
        ],
        "@mui/base/NoSsr": [
            "default"
        ],
        "@mui/base/TextareaAutosize": [
            "default"
        ],
        "@mui/base/PopperUnstyled": [
            "default"
        ],
        "@mui/base/SliderUnstyled": [
            "default"
        ],
        "@mui/base/AutocompleteUnstyled": [
            "default"
        ],
        "@popperjs/core": [
            "default"
        ]
    },
    "libSize": 411843,
    "importerSize": 49371,
    "maxChunkSize": 209753,
    "chunksSumSize": 1212103
}