{"name":"@mui/material@5.2.1","import":"chunks","externalDependencies":{"@mui/base@5.0.0-alpha.57":["default"],"@mui/system@5.2.1":["default"],"react@17.0.2":["default"],"react-is@17.0.2":["default"],"prop-types@15.7.2":["default"],"clsx@1.1.1":["default"],"@mui/utils@5.2.1":["default"],"react-transition-group@4.4.2":["default"],"hoist-non-react-statics@3.3.2":["default"],"object-assign@4.1.1":["default"],"react-dom@17.0.2":["default"],"@popperjs/core@2.10.2":["default"],"react-is@17.0.1":["default"],"scheduler@0.20.2":["default"],"@mui/styled-engine@5.2.0":["default"],"@mui/private-theming@5.2.1":["default"],"@emotion/styled@11.3.0":["default"],"@emotion/react@11.5.0":["default"],"@emotion/cache@11.5.0":["default"],"@emotion/is-prop-valid@1.1.0":["default"],"@emotion/utils@1.0.0":["default"],"@emotion/serialize@1.0.2":["default"],"@emotion/memoize@0.7.5":["default"],"@emotion/weak-memoize@0.2.5":["default"],"@emotion/sheet@1.0.3":["default"],"stylis@3.5.4":["default"],"@emotion/hash@0.8.0":["default"],"@emotion/unitless@0.7.5":["default"]}}