{
    "bundledDependencies": {
        "@mui/material/Alert": [
            "default"
        ],
        "react/jsx-runtime": [
            "default"
        ],
        "@mui/material/AvatarGroup": [
            "default"
        ],
        "@mui/material/Autocomplete": [
            "default"
        ],
        "@mui/material/styles": [
            "default"
        ],
        "@mui/material/useMediaQuery": [
            "default"
        ],
        "@mui/material/AlertTitle": [
            "default"
        ],
        "@mui/material/PaginationItem": [
            "default"
        ],
        "@mui/material/utils": [
            "default"
        ],
        "@mui/material/Button": [
            "default"
        ],
        "@mui/material/CircularProgress": [
            "default"
        ],
        "@mui/material/Pagination": [
            "default"
        ],
        "@mui/material/Skeleton": [
            "default"
        ],
        "@mui/material/usePagination": [
            "default"
        ],
        "@mui/material/ButtonBase": [
            "default"
        ],
        "@mui/material/Rating": [
            "default"
        ],
        "@mui/material/SpeedDialIcon": [
            "default"
        ],
        "@mui/material/SpeedDial": [
            "default"
        ],
        "@mui/material/SpeedDialAction": [
            "default"
        ],
        "@mui/material/Tabs": [
            "default"
        ],
        "@mui/material/Typography": [
            "default"
        ],
        "@mui/material/ToggleButton": [
            "default"
        ],
        "@mui/material/ToggleButtonGroup": [
            "default"
        ],
        "@mui/material/Collapse": [
            "default"
        ],
        "@mui/material/Fade": [
            "default"
        ],
        "@mui/material/IconButton": [
            "default"
        ],
        "@mui/material/InputAdornment": [
            "default"
        ],
        "@mui/material/Tab": [
            "default"
        ],
        "@mui/material/Grid": [
            "default"
        ],
        "@mui/material/DialogActions": [
            "default"
        ],
        "@mui/material/DialogContent": [
            "default"
        ],
        "@mui/material/Dialog": [
            "default"
        ],
        "@mui/material/Grow": [
            "default"
        ],
        "@mui/material/Paper": [
            "default"
        ],
        "@mui/material/Popper": [
            "default"
        ],
        "@mui/material/Unstable_TrapFocus": [
            "default"
        ],
        "@mui/base/composeClasses": [
            "default"
        ],
        "@mui/base/Unstable_TrapFocus": [
            "default"
        ],
        "@mui/base/PopperUnstyled": [
            "default"
        ],
        "@mui/base/ModalUnstyled": [
            "default"
        ],
        "@mui/base/BackdropUnstyled": [
            "default"
        ],
        "@popperjs/core": [
            "default"
        ]
    },
    "libSize": 381023,
    "importerSize": 19516,
    "maxChunkSize": 67288,
    "chunksSumSize": 714709
}