{"name":"@mui/styled-engine@^5.0.1","import":"lib","externalDependencies":{"@emotion/styled@11.3.0":["default"],"@emotion/react@11.5.0":["default"],"react@17.0.2":["default"],"prop-types@15.7.2":["default"],"@emotion/cache@11.5.0":["default"],"object-assign@4.1.1":["default"],"@emotion/is-prop-valid@1.1.0":["default"],"@emotion/utils@1.0.0":["default"],"@emotion/serialize@1.0.2":["default"],"@emotion/memoize@0.7.5":["default"],"@emotion/weak-memoize@0.2.5":["default"],"hoist-non-react-statics@3.3.2":["default"],"@emotion/sheet@1.0.3":["default"],"stylis@3.5.4":["default"],"react-is@17.0.1":["default"],"@emotion/hash@0.8.0":["default"],"@emotion/unitless@0.7.5":["default"]}}