{"name":"@material-ui/pickers@3.3.10","import":"chunks","externalDependencies":{"react@17.0.1":["default"],"prop-types@15.7.2":["default"],"clsx@1.1.1":["default"],"@material-ui/core@4.11.2":["Typography",null,"Button","Toolbar","TextField","IconButton","InputAdornment","SvgIcon","CircularProgress","DialogActions","DialogContent","Dialog","Popover","Grid","Tab","Tabs","Paper","makeStyles","useTheme","Typography","Button","Toolbar","TextField","IconButton","InputAdornment","SvgIcon","SvgIcon","CircularProgress","DialogActions","DialogContent","Dialog","Popover","Grid","Grid","Tab","Tab","Tabs","Tabs","Paper","Paper","Typography","Button","Toolbar","TextField","IconButton","InputAdornment","SvgIcon","CircularProgress","DialogActions","DialogContent","Dialog","Popover","Typography","Typography","withStyles","createStyles","Typography","Typography","IconButton","IconButton","Typography","Typography","Typography","Typography","IconButton","IconButton","SvgIcon","SvgIcon","CircularProgress","CircularProgress","Typography","Button","Toolbar","TextField","IconButton","InputAdornment","SvgIcon","CircularProgress","DialogActions","DialogContent","Dialog","Popover","Button","Button","DialogActions","DialogActions","DialogContent","DialogContent","Dialog","Dialog","Popover","Popover","Typography","Typography","fade","Button","Button","Toolbar","Toolbar","TextField","TextField","IconButton","IconButton","InputAdornment","InputAdornment","SvgIcon","SvgIcon"],"rifm@0.7.0":["default"],"react-transition-group@4.4.1":["default"],"object-assign@4.1.1":["default"],"react-is@17.0.1":["default"],"@material-ui/styles@4.11.4":["default"],"react-dom@17.0.1":["default"],"@material-ui/utils@4.11.2":["default"],"hoist-non-react-statics@3.3.2":["default"],"popper.js@1.16.1-lts":["default"],"@material-ui/system@4.11.3":["default"],"jss@10.6.0":["default"],"jss-plugin-rule-value-function@10.6.0":["default"],"jss-plugin-global@10.6.0":["default"],"jss-plugin-nested@10.6.0":["default"],"jss-plugin-camel-case@10.6.0":["default"],"jss-plugin-default-unit@10.6.0":["default"],"jss-plugin-vendor-prefixer@10.6.0":["default"],"jss-plugin-props-sort@10.6.0":["default"],"is-in-browser@1.1.3":["default"],"tiny-warning@1.0.3":["default"],"hyphenate-style-name@1.0.4":["default"],"css-vendor@2.0.8":["default"],"scheduler@0.20.2":["default"]}}