{
    "bundledDependencies": {
        "react/jsx-runtime": [
            "default"
        ],
        "@mui/core/ModalUnstyled": [
            "default"
        ],
        "@mui/core/NoSsr": [
            "default"
        ],
        "@mui/core/BadgeUnstyled": [
            "default"
        ],
        "@mui/core/BackdropUnstyled": [
            "default"
        ],
        "@mui/core/composeClasses": [
            "default"
        ],
        "@mui/core/SliderUnstyled": [
            "default"
        ],
        "@mui/core/AutocompleteUnstyled": [
            "default"
        ],
        "@mui/core/Portal": [
            "default"
        ]
    },
    "libSize": 390517,
    "importerSize": 47313,
    "maxChunkSize": 205985,
    "chunksSumSize": 1181103
}