{"name":"@cromwell/core-frontend@1.0.0","import":"lib","externalDependencies":{"tslib@2.1.0":["default"],"@cromwell/core@1.1.0":["default"],"react@17.0.1":["default"],"react-is@17.0.1":["default"],"whatwg-fetch@3.5.0":["default"],"@loadable/component@5.14.1":["default"],"swiper@6.3.2":["default"],"debounce@1.2.0":["default"],"@apollo/client@3.2.1":["default"],"object-assign@4.1.1":["default"],"hoist-non-react-statics@3.3.2":["default"],"ssr-window@3.0.0":["default"],"dom7@3.0.0":["default"],"graphql-tag@2.11.0":["default"],"ts-invariant@0.4.4":["default"],"@wry/equality@0.2.0":["default"],"@wry/context@0.5.4":["default"],"optimism@0.12.2":["default"],"zen-observable@0.8.15":["default"],"symbol-observable@1.2.0":["default"],"fast-json-stable-stringify@2.1.0":["default"]}}