{"name":"@cromwell/core-frontend@1.0.0","import":"lib","externalDependencies":{"tslib@2.1.0":["default"],"@cromwell/core@1.1.0":["default"],"react@17.0.1":["default"],"@loadable/component@5.14.1":["default"],"clsx@1.1.1":["default"],"pure-react-carousel@1.27.6":["default"],"react-resize-detector@6.7.1":["default"],"react-image-lightbox@5.1.1":["default"],"react-html-parser@2.0.2":["default"],"react-is@17.0.1":["default"],"throttle-debounce@3.0.1":["default"],"query-string@6.13.4":["default"],"@apollo/client@3.2.1":["default"],"object-assign@4.1.1":["default"],"hoist-non-react-statics@3.3.2":["default"],"react-dom@17.0.1":["default"],"lodash.debounce@4.0.8":["default"],"lodash.throttle@4.1.1":["default"],"scheduler@0.20.2":["default"],"prop-types@15.7.2":["default"],"react-modal@3.13.1":["default"],"react-lifecycles-compat@3.0.4":["default"],"warning@4.0.3":["default"],"exenv@1.2.2":["default"],"htmlparser2@3.10.1":["default"],"domutils@1.7.0":["default"],"domelementtype@2.2.0":["default"],"domhandler@2.4.2":["default"],"inherits@2.0.4":["default"],"readable-stream@3.6.0":["default"],"dom-serializer@0.2.2":["default"],"entities@2.2.0":["default"],"util-deprecate@1.0.2":["default"],"split-on-first@1.1.0":["default"],"decode-uri-component@0.2.0":["default"],"strict-uri-encode@2.0.0":["default"],"graphql-tag@2.12.4":["default"],"ts-invariant@0.4.4":["default"],"@wry/equality@0.1.11":["default"],"optimism@0.12.2":["default"],"@wry/context@0.5.4":["default"],"zen-observable@0.8.15":["default"],"symbol-observable@1.2.0":["default"],"fast-json-stable-stringify@2.1.0":["default"],"graphql@15.3.0":["default"]}}