{
    "bundledDependencies": {
        "@material-ui/core/utils": [
            "default"
        ],
        "@material-ui/utils": [
            "default"
        ],
        "prop-types": [
            "default"
        ],
        "@material-ui/styles": [
            "default"
        ],
        "object-assign": [
            "default"
        ],
        "@material-ui/system": [
            "default"
        ],
        "jss": [
            "default"
        ],
        "hoist-non-react-statics": [
            "default"
        ],
        "jss-plugin-rule-value-function": [
            "default"
        ],
        "jss-plugin-global": [
            "default"
        ],
        "jss-plugin-nested": [
            "default"
        ],
        "jss-plugin-camel-case": [
            "default"
        ],
        "jss-plugin-default-unit": [
            "default"
        ],
        "jss-plugin-vendor-prefixer": [
            "default"
        ],
        "jss-plugin-props-sort": [
            "default"
        ],
        "css-vendor": [
            "default"
        ],
        "tiny-warning": [
            "default"
        ],
        "is-in-browser": [
            "default"
        ],
        "hyphenate-style-name": [
            "default"
        ]
    },
    "libSize": 1964237,
    "importerSize": 761264,
    "maxChunkSize": 221579,
    "chunksSumSize": 5931179
}